20001,Standard Features
20002,Standard Features
20003,Standard Features
20004,Standard Features
20005,Standard Features
20009,Standard Features
20010,Standard Features
20011,Standard Features
20012,Standard Features
20013,Standard Features
20014,Standard Features
20019,Standard Features
20020,Standard Features
20021,Standard Features
20022,Standard Features
20023,Standard Features
20027,Standard Features
20029,Standard Features
20030,Standard Features
20031,Standard Features
20032,Standard Features
20036,Standard Features
20037,Standard Features
20038,Standard Features
20039,Standard Features
20040,Standard Features
20041,Standard Features
20045,Standard Features
20046,Standard Features
20047,Standard Features
20048,Standard Features
20049,Standard Features
20050,Standard Features
20055,Standard Features
20056,Standard Features
20057,Standard Features
20058,Standard Features
20059,Standard Features
20063,Standard Features
20065,Standard Features
20066,Standard Features
20067,Standard Features
20068,Standard Features
20072,Standard Features
20073,Standard Features
20074,Standard Features
20075,Standard Features
20076,Standard Features
20077,Standard Features
20081,Standard Features
20082,Standard Features
20083,Standard Features
20084,Standard Features
20085,Standard Features
20086,Standard Features
20091,Standard Features
20092,Standard Features
20093,Standard Features
20094,Standard Features
20095,Standard Features
20099,Standard Features
20101,Standard Features
20102,Standard Features
20103,Standard Features
20104,Standard Features
20108,Standard Features
20109,Standard Features
20110,Standard Features
20111,Standard Features
20112,Standard Features
20113,Standard Features
20117,Standard Features
20118,Standard Features
20119,Standard Features
20120,Standard Features
20121,Standard Features
20122,Standard Features
20127,Standard Features
20128,Standard Features
20129,Standard Features
20130,Standard Features
20131,Standard Features
20135,Standard Features
20137,Standard Features
20138,Standard Features
20139,Standard Features
20140,Standard Features
20144,Standard Features
20145,Standard Features
20146,Standard Features
20147,Standard Features
20148,Standard Features
20149,Standard Features
