1,Mary Johnson,user1@email.com
2,Robert Williams,user2@email.com
3,Patricia Brown,user3@email.com
4,John Jones,user4@email.com
5,Jennifer Garcia,user5@email.com
6,Michael Miller,user6@email.com
7,Linda Davis,user7@email.com
8,James Smith,user8@email.com
9,Mary Johnson,user9@email.com
10,Robert Williams,user10@email.com
11,Patricia Brown,user11@email.com
12,John Jones,user12@email.com
13,Jennifer Garcia,user13@email.com
14,Michael Miller,user14@email.com
15,Linda Davis,user15@email.com
16,James Smith,user16@email.com
17,Mary Johnson,user17@email.com
18,Robert Williams,user18@email.com
19,Patricia Brown,user19@email.com
20,John Jones,user20@email.com
21,Jennifer Garcia,user21@email.com
22,Michael Miller,user22@email.com
23,Linda Davis,user23@email.com
24,James Smith,user24@email.com
25,Mary Johnson,user25@email.com
26,Robert Williams,user26@email.com
27,Patricia Brown,user27@email.com
28,John Jones,user28@email.com
29,Jennifer Garcia,user29@email.com
30,Michael Miller,user30@email.com
31,Linda Davis,user31@email.com
32,James Smith,user32@email.com
33,Mary Johnson,user33@email.com
34,Robert Williams,user34@email.com
35,Patricia Brown,user35@email.com
36,John Jones,user36@email.com
37,Jennifer Garcia,user37@email.com
38,Michael Miller,user38@email.com
39,Linda Davis,user39@email.com
40,James Smith,user40@email.com
41,Mary Johnson,user41@email.com
42,Robert Williams,user42@email.com
43,Patricia Brown,user43@email.com
44,John Jones,user44@email.com
45,Jennifer Garcia,user45@email.com
46,Michael Miller,user46@email.com
47,Linda Davis,user47@email.com
48,James Smith,user48@email.com
49,Mary Johnson,user49@email.com
50,Robert Williams,user50@email.com
