1042 Belt Line Rd,Dallas,75201,Chase Auto
1042 Belt Line Rd,Dallas,75201,Dealer Direct
1084 Preston Rd,Plano,75024,Dealer Direct
1084 Preston Rd,Plano,75024,Credit Union
1126 Congress Ave,Austin,78701,Credit Union
1126 Congress Ave,Austin,78701,Lease-to-Own
1168 Westheimer Rd,Houston,77002,Lease-to-Own
1168 Westheimer Rd,Houston,77002,Bank of America
1210 Lamar Blvd,San Antonio,78205,Bank of America
1210 Lamar Blvd,San Antonio,78205,Chase Auto
1252 Main St,Fort Worth,76102,Chase Auto
1252 Main St,Fort Worth,76102,Dealer Direct
1294 Legacy Dr,Richardson,75080,Dealer Direct
1294 Legacy Dr,Richardson,75080,Credit Union
1336 Belt Line Rd,Dallas,75201,Credit Union
1336 Belt Line Rd,Dallas,75201,Lease-to-Own
1378 Preston Rd,Plano,75024,Lease-to-Own
1378 Preston Rd,Plano,75024,Bank of America
1420 Congress Ave,Austin,78701,Bank of America
1420 Congress Ave,Austin,78701,Chase Auto
1462 Westheimer Rd,Houston,77002,Chase Auto
1462 Westheimer Rd,Houston,77002,Dealer Direct
1504 Lamar Blvd,San Antonio,78205,Dealer Direct
1504 Lamar Blvd,San Antonio,78205,Credit Union
1546 Main St,Fort Worth,76102,Credit Union
1546 Main St,Fort Worth,76102,Lease-to-Own
1588 Legacy Dr,Richardson,75080,Lease-to-Own
1588 Legacy Dr,Richardson,75080,Bank of America
1630 Belt Line Rd,Dallas,75201,Bank of America
1630 Belt Line Rd,Dallas,75201,Chase Auto
1672 Preston Rd,Plano,75024,Chase Auto
1672 Preston Rd,Plano,75024,Dealer Direct
1714 Congress Ave,Austin,78701,Dealer Direct
1714 Congress Ave,Austin,78701,Credit Union
1756 Westheimer Rd,Houston,77002,Credit Union
1756 Westheimer Rd,Houston,77002,Lease-to-Own
1798 Lamar Blvd,San Antonio,78205,Lease-to-Own
1798 Lamar Blvd,San Antonio,78205,Bank of America
1840 Main St,Fort Worth,76102,Bank of America
1840 Main St,Fort Worth,76102,Chase Auto
