Silverado,2019,5,Auto,2.5,Gas
Silverado,2020,5,Auto,2.5,Gas
Silverado,2021,5,Auto,2.5,Gas
Silverado,2022,5,Auto,2.5,Gas
Silverado,2023,5,Auto,2.5,Gas
Silverado,2024,5,Auto,2.5,Gas
Silverado,2025,5,Auto,2.5,Gas
Malibu,2019,5,Auto,2.5,Gas
Malibu,2020,5,Auto,2.5,Gas
Malibu,2021,5,Auto,2.5,Gas
Malibu,2022,5,Auto,2.5,Gas
Malibu,2023,5,Auto,2.5,Gas
Malibu,2024,5,Auto,2.5,Gas
Malibu,2025,5,Auto,2.5,Gas
Tahoe,2019,7,Auto,2.5,Gas
Tahoe,2020,7,Auto,2.5,Gas
Tahoe,2021,7,Auto,2.5,Gas
Tahoe,2022,7,Auto,2.5,Gas
Tahoe,2023,7,Auto,2.5,Gas
Tahoe,2024,7,Auto,2.5,Gas
Tahoe,2025,7,Auto,2.5,Gas
Equinox,2019,5,Auto,2.5,Gas
Equinox,2020,5,Auto,2.5,Gas
Equinox,2021,5,Auto,2.5,Gas
Equinox,2022,5,Auto,2.5,Gas
Equinox,2023,5,Auto,2.5,Gas
Equinox,2024,5,Auto,2.5,Gas
Equinox,2025,5,Auto,2.5,Gas
F-150,2019,5,Auto,2.5,Gas
F-150,2020,5,Auto,2.5,Gas
F-150,2021,5,Auto,2.5,Gas
F-150,2022,5,Auto,2.5,Gas
F-150,2023,5,Auto,2.5,Gas
F-150,2024,5,Auto,2.5,Gas
F-150,2025,5,Auto,2.5,Gas
Mustang,2019,5,Auto,2.5,Gas
Mustang,2020,5,Auto,2.5,Gas
Mustang,2021,5,Auto,2.5,Gas
Mustang,2022,5,Auto,2.5,Gas
Mustang,2023,5,Auto,2.5,Gas
Mustang,2024,5,Auto,2.5,Gas
Mustang,2025,5,Auto,2.5,Gas
Explorer,2019,7,Auto,2.5,Gas
Explorer,2020,7,Auto,2.5,Gas
Explorer,2021,7,Auto,2.5,Gas
Explorer,2022,7,Auto,2.5,Gas
Explorer,2023,7,Auto,2.5,Gas
Explorer,2024,7,Auto,2.5,Gas
Explorer,2025,7,Auto,2.5,Gas
Focus,2019,5,Auto,2.5,Gas
Focus,2020,5,Auto,2.5,Gas
Focus,2021,5,Auto,2.5,Gas
Focus,2022,5,Auto,2.5,Gas
Focus,2023,5,Auto,2.5,Gas
Focus,2024,5,Auto,2.5,Gas
Focus,2025,5,Auto,2.5,Gas
Civic,2019,5,Auto,2.5,Gas
Civic,2020,5,Auto,2.5,Gas
Civic,2021,5,Auto,2.5,Gas
Civic,2022,5,Auto,2.5,Gas
Civic,2023,5,Auto,2.5,Gas
Civic,2024,5,Auto,2.5,Gas
Civic,2025,5,Auto,2.5,Gas
Accord,2019,5,Auto,2.5,Gas
Accord,2020,5,Auto,2.5,Gas
Accord,2021,5,Auto,2.5,Gas
Accord,2022,5,Auto,2.5,Gas
Accord,2023,5,Auto,2.5,Gas
Accord,2024,5,Auto,2.5,Gas
Accord,2025,5,Auto,2.5,Gas
CR-V,2019,5,Auto,2.5,Gas
CR-V,2020,5,Auto,2.5,Gas
CR-V,2021,5,Auto,2.5,Gas
CR-V,2022,5,Auto,2.5,Gas
CR-V,2023,5,Auto,2.5,Gas
CR-V,2024,5,Auto,2.5,Gas
CR-V,2025,5,Auto,2.5,Gas
Pilot,2019,7,Auto,2.5,Gas
Pilot,2020,7,Auto,2.5,Gas
Pilot,2021,7,Auto,2.5,Gas
Pilot,2022,7,Auto,2.5,Gas
Pilot,2023,7,Auto,2.5,Gas
Pilot,2024,7,Auto,2.5,Gas
Pilot,2025,7,Auto,2.5,Gas
RX350,2019,5,Auto,2.5,Gas
RX350,2020,5,Auto,2.5,Gas
RX350,2021,5,Auto,2.5,Gas
RX350,2022,5,Auto,2.5,Gas
RX350,2023,5,Auto,2.5,Gas
RX350,2024,5,Auto,2.5,Gas
RX350,2025,5,Auto,2.5,Gas
ES350,2019,5,Auto,2.5,Gas
ES350,2020,5,Auto,2.5,Gas
ES350,2021,5,Auto,2.5,Gas
ES350,2022,5,Auto,2.5,Gas
ES350,2023,5,Auto,2.5,Gas
ES350,2024,5,Auto,2.5,Gas
ES350,2025,5,Auto,2.5,Gas
IS300,2019,5,Auto,2.5,Gas
IS300,2020,5,Auto,2.5,Gas
IS300,2021,5,Auto,2.5,Gas
IS300,2022,5,Auto,2.5,Gas
IS300,2023,5,Auto,2.5,Gas
IS300,2024,5,Auto,2.5,Gas
IS300,2025,5,Auto,2.5,Gas
GX460,2019,5,Auto,2.5,Gas
GX460,2020,5,Auto,2.5,Gas
GX460,2021,5,Auto,2.5,Gas
GX460,2022,5,Auto,2.5,Gas
GX460,2023,5,Auto,2.5,Gas
GX460,2024,5,Auto,2.5,Gas
GX460,2025,5,Auto,2.5,Gas
Altima,2019,5,Auto,2.5,Gas
Altima,2020,5,Auto,2.5,Gas
Altima,2021,5,Auto,2.5,Gas
Altima,2022,5,Auto,2.5,Gas
Altima,2023,5,Auto,2.5,Gas
Altima,2024,5,Auto,2.5,Gas
Altima,2025,5,Auto,2.5,Gas
Sentra,2019,5,Auto,2.5,Gas
Sentra,2020,5,Auto,2.5,Gas
Sentra,2021,5,Auto,2.5,Gas
Sentra,2022,5,Auto,2.5,Gas
Sentra,2023,5,Auto,2.5,Gas
Sentra,2024,5,Auto,2.5,Gas
Sentra,2025,5,Auto,2.5,Gas
Rogue,2019,5,Auto,2.5,Gas
Rogue,2020,5,Auto,2.5,Gas
Rogue,2021,5,Auto,2.5,Gas
Rogue,2022,5,Auto,2.5,Gas
Rogue,2023,5,Auto,2.5,Gas
Rogue,2024,5,Auto,2.5,Gas
Rogue,2025,5,Auto,2.5,Gas
Titan,2019,5,Auto,2.5,Gas
Titan,2020,5,Auto,2.5,Gas
Titan,2021,5,Auto,2.5,Gas
Titan,2022,5,Auto,2.5,Gas
Titan,2023,5,Auto,2.5,Gas
Titan,2024,5,Auto,2.5,Gas
Titan,2025,5,Auto,2.5,Gas
1500,2019,5,Auto,2.5,Gas
1500,2020,5,Auto,2.5,Gas
1500,2021,5,Auto,2.5,Gas
1500,2022,5,Auto,2.5,Gas
1500,2023,5,Auto,2.5,Gas
1500,2024,5,Auto,2.5,Gas
1500,2025,5,Auto,2.5,Gas
2500,2019,5,Auto,2.5,Gas
2500,2020,5,Auto,2.5,Gas
2500,2021,5,Auto,2.5,Gas
2500,2022,5,Auto,2.5,Gas
2500,2023,5,Auto,2.5,Gas
2500,2024,5,Auto,2.5,Gas
2500,2025,5,Auto,2.5,Gas
3500,2019,5,Auto,2.5,Gas
3500,2020,5,Auto,2.5,Gas
3500,2021,5,Auto,2.5,Gas
3500,2022,5,Auto,2.5,Gas
3500,2023,5,Auto,2.5,Gas
3500,2024,5,Auto,2.5,Gas
3500,2025,5,Auto,2.5,Gas
Hayabusa,2019,2,Manual,0.6,Gas
Hayabusa,2020,2,Manual,0.6,Gas
Hayabusa,2021,2,Manual,0.6,Gas
Hayabusa,2022,2,Manual,0.6,Gas
Hayabusa,2023,2,Manual,0.6,Gas
Hayabusa,2024,2,Manual,0.6,Gas
Hayabusa,2025,2,Manual,0.6,Gas
GSX-R750,2019,2,Manual,0.6,Gas
GSX-R750,2020,2,Manual,0.6,Gas
GSX-R750,2021,2,Manual,0.6,Gas
GSX-R750,2022,2,Manual,0.6,Gas
GSX-R750,2023,2,Manual,0.6,Gas
GSX-R750,2024,2,Manual,0.6,Gas
GSX-R750,2025,2,Manual,0.6,Gas
V-Strom,2019,2,Manual,0.6,Gas
V-Strom,2020,2,Manual,0.6,Gas
V-Strom,2021,2,Manual,0.6,Gas
V-Strom,2022,2,Manual,0.6,Gas
V-Strom,2023,2,Manual,0.6,Gas
V-Strom,2024,2,Manual,0.6,Gas
V-Strom,2025,2,Manual,0.6,Gas
Camry,2019,5,Auto,2.5,Gas
Camry,2020,5,Auto,2.5,Gas
Camry,2021,5,Auto,2.5,Gas
Camry,2022,5,Auto,2.5,Gas
Camry,2023,5,Auto,2.5,Gas
Camry,2024,5,Auto,2.5,Gas
Camry,2025,5,Auto,2.5,Gas
Corolla,2019,5,Auto,2.5,Gas
Corolla,2020,5,Auto,2.5,Gas
Corolla,2021,5,Auto,2.5,Gas
Corolla,2022,5,Auto,2.5,Gas
Corolla,2023,5,Auto,2.5,Gas
Corolla,2024,5,Auto,2.5,Gas
Corolla,2025,5,Auto,2.5,Gas
Tundra,2019,5,Auto,2.5,Gas
Tundra,2020,5,Auto,2.5,Gas
Tundra,2021,5,Auto,2.5,Gas
Tundra,2022,5,Auto,2.5,Gas
Tundra,2023,5,Auto,2.5,Gas
Tundra,2024,5,Auto,2.5,Gas
Tundra,2025,5,Auto,2.5,Gas
Rav4,2019,5,Auto,2.5,Gas
Rav4,2020,5,Auto,2.5,Gas
Rav4,2021,5,Auto,2.5,Gas
Rav4,2022,5,Auto,2.5,Gas
Rav4,2023,5,Auto,2.5,Gas
Rav4,2024,5,Auto,2.5,Gas
Rav4,2025,5,Auto,2.5,Gas
R6,2019,2,Manual,0.6,Gas
R6,2020,2,Manual,0.6,Gas
R6,2021,2,Manual,0.6,Gas
R6,2022,2,Manual,0.6,Gas
R6,2023,2,Manual,0.6,Gas
R6,2024,2,Manual,0.6,Gas
R6,2025,2,Manual,0.6,Gas
MT-07,2019,2,Manual,0.6,Gas
MT-07,2020,2,Manual,0.6,Gas
MT-07,2021,2,Manual,0.6,Gas
MT-07,2022,2,Manual,0.6,Gas
MT-07,2023,2,Manual,0.6,Gas
MT-07,2024,2,Manual,0.6,Gas
MT-07,2025,2,Manual,0.6,Gas
YZF-R1,2019,2,Manual,0.6,Gas
YZF-R1,2020,2,Manual,0.6,Gas
YZF-R1,2021,2,Manual,0.6,Gas
YZF-R1,2022,2,Manual,0.6,Gas
YZF-R1,2023,2,Manual,0.6,Gas
YZF-R1,2024,2,Manual,0.6,Gas
YZF-R1,2025,2,Manual,0.6,Gas
