2,2,20001,2026-04-01,25001.00
3,3,20002,2026-04-01,25002.00
4,4,20003,2026-04-01,25003.00
5,5,20004,2026-04-01,25004.00
6,6,20005,2026-04-01,25005.00
7,7,20006,2026-04-01,25006.00
8,8,20007,2026-04-01,25007.00
9,9,20008,2026-04-01,25008.00
10,10,20009,2026-04-01,25009.00
11,11,20010,2026-04-01,25010.00
12,12,20011,2026-04-01,25011.00
13,13,20012,2026-04-01,25012.00
14,14,20013,2026-04-01,25013.00
15,15,20014,2026-04-01,25014.00
16,16,20015,2026-04-01,25015.00
17,17,20016,2026-04-01,25016.00
18,18,20017,2026-04-01,25017.00
19,19,20018,2026-04-01,25018.00
20,20,20019,2026-04-01,25019.00
21,1,20020,2026-04-01,25020.00
22,2,20021,2026-04-01,25021.00
23,3,20022,2026-04-01,25022.00
24,4,20023,2026-04-01,25023.00
25,5,20024,2026-04-01,25024.00
26,6,20025,2026-04-01,25025.00
27,7,20026,2026-04-01,25026.00
28,8,20027,2026-04-01,25027.00
29,9,20028,2026-04-01,25028.00
30,10,20029,2026-04-01,25029.00
31,11,20030,2026-04-01,25030.00
